{
  "experiment_id": 8,
  "timestamp": "2025-12-03T09:31:57.190878",
  "config": {
    "use_ctc": false,
    "num_epochs": 10,
    "beam_size": 3,
    "learning_rate": 0.001,
    "batch_size": 64
  },
  "results": {
    "experiment_name": "Baseline + Beam Search (beam=3)",
    "train_losses": [
      3.277696967124939,
      2.5980812549591064,
      2.3517061710357665,
      2.217881989479065,
      2.1434634923934937,
      2.076083469390869,
      2.019081437587738,
      1.9546548843383789,
      1.9034563541412353,
      1.8361717820167542
    ],
    "val_cers": [
      5.7925826511100595,
      0.9296687264656396,
      0.9260226798508429,
      0.8893117597743624,
      0.9495583095533936,
      0.8064076925688098,
      2.5847121221670193,
      0.7940179941162923,
      0.849693433828412,
      0.8878041120244493
    ],
    "val_wers": [
      6.951099181332071,
      1.1156024717587674,
      1.1112272158210115,
      1.0671741117292348,
      1.1394699714640724,
      0.9676892310825718,
      3.101654546600423,
      0.9528215929395507,
      1.0196321205940944,
      1.0653649344293392
    ],
    "best_val_cer": 0.7940179941162923,
    "final_val_cer": 0.8878041120244493,
    "final_val_wer": 1.0653649344293392,
    "val_cer": 0.8878041120244493,
    "val_wer": 1.0653649344293392,
    "training_time_seconds": 367.789350271225,
    "num_parameters": 9138163
  }
}