{
  "experiment_id": 3,
  "timestamp": "2025-12-03T09:23:13.760497",
  "config": {
    "use_ctc": false,
    "num_epochs": 5,
    "beam_size": 1,
    "learning_rate": 0.001,
    "batch_size": 64
  },
  "results": {
    "experiment_name": "Baseline (No CTC, 5 epochs)",
    "train_losses": [
      3.277696967124939,
      2.5980812549591064,
      2.3517061710357665,
      2.217881989479065,
      2.1434634923934937
    ],
    "val_cers": [
      5.7925826511100595,
      5.701324853348029,
      5.654681997651673,
      5.687153654768396,
      5.611392628928683
    ],
    "val_wers": [
      6.951099181332071,
      6.8415898240176345,
      6.785618397182008,
      6.824584385722075,
      6.733671154714419
    ],
    "best_val_cer": 5.611392628928683,
    "final_val_cer": 5.611392628928683,
    "final_val_wer": 6.733671154714419,
    "val_cer": 5.611392628928683,
    "val_wer": 6.733671154714419,
    "training_time_seconds": 26.451155424118042,
    "num_parameters": 9138163
  }
}