{
  "experiment_id": 7,
  "timestamp": "2025-12-03T09:25:49.027480",
  "config": {
    "use_ctc": true,
    "ctc_weight": 0.3,
    "num_epochs": 10,
    "beam_size": 1,
    "learning_rate": 0.001,
    "batch_size": 64
  },
  "results": {
    "experiment_name": "CTC with 10 epochs",
    "train_losses": [
      4.0170286178588865,
      2.8845333814620973,
      2.6486308097839357,
      2.5430320501327515,
      2.4773196935653687,
      2.4499254703521727,
      2.389022874832153,
      2.355942988395691,
      2.3229069471359254,
      2.2831050634384153
    ],
    "val_cers": [
      5.836554047628834,
      5.701324853348029,
      5.693538965768489,
      5.7053830567716,
      5.71675273120585,
      5.611315197369301,
      5.672954682288005,
      5.6936367209927825,
      4.954454737853569,
      5.617329291213157
    ],
    "val_wers": [
      7.003864857154601,
      6.8415898240176345,
      6.832246758922187,
      6.84645966812592,
      6.86010327744702,
      6.733578236843161,
      6.807545618745605,
      6.832364065191339,
      5.945345685424282,
      6.7407951494557885
    ],
    "best_val_cer": 4.954454737853569,
    "final_val_cer": 5.617329291213157,
    "final_val_wer": 6.7407951494557885,
    "val_cer": 5.617329291213157,
    "val_wer": 6.7407951494557885,
    "training_time_seconds": 51.46145462989807,
    "num_parameters": 9171508
  }
}