{
  "experiment_id": 1,
  "timestamp": "2025-12-03T09:13:32.414854",
  "config": {
    "use_ctc": false,
    "num_epochs": 5,
    "beam_size": 1,
    "learning_rate": 0.001,
    "batch_size": 8
  },
  "results": {
    "experiment_name": "Baseline (No CTC, 5 epochs)",
    "train_losses": [
      2.46798660983778,
      2.013901073638707,
      1.8027858489180264,
      1.6165910991903853,
      1.46149519045059
    ],
    "val_cers": [
      5.704766939486314,
      5.523613298390763,
      1.3787277266552578,
      3.721134253681736,
      4.042246859837652
    ],
    "val_wers": [
      6.845720327383576,
      6.628335958068916,
      1.6544732719863093,
      4.465361104418083,
      4.850696231805182
    ],
    "best_val_cer": 1.3787277266552578,
    "final_val_cer": 4.042246859837652,
    "final_val_wer": 4.850696231805182,
    "val_cer": 4.042246859837652,
    "val_wer": 4.850696231805182,
    "training_time_seconds": 93.17076373100281,
    "num_parameters": 9138163
  }
}