{
  "experiment_id": 10,
  "timestamp": "2025-12-03T10:05:29.204512",
  "config": {
    "use_ctc": true,
    "ctc_weight": 0.3,
    "num_epochs": 50,
    "beam_size": 1,
    "learning_rate": 0.0005,
    "batch_size": 64
  },
  "results": {
    "experiment_name": "With CTC (ctc_weight=0.3, 50 epochs)",
    "train_losses": [
      4.619637203216553,
      3.109623408317566,
      2.8543517112731935,
      2.6854664087295532,
      2.589889073371887,
      2.5532781362533568,
      2.492519569396973,
      2.4668453693389893,
      2.439453935623169,
      2.416200947761536,
      2.4061129808425905,
      2.3624314308166503,
      2.3473298072814943,
      2.315018081665039,
      2.275842237472534,
      2.2716866731643677,
      2.2523248910903932,
      2.226078176498413,
      2.187234663963318,
      2.171610164642334,
      2.1553183794021606,
      2.1298914194107055,
      2.1200461387634277,
      2.1060198545455933,
      2.0636065721511843,
      2.0491700649261473,
      2.035187768936157,
      2.060428786277771,
      1.98889502286911,
      1.9574975728988648,
      1.9367401003837585,
      1.915064537525177,
      1.8959620118141174,
      1.893913209438324,
      1.8766515612602235,
      1.8472271323204041,
      1.8196577072143554,
      1.797212827205658,
      1.8285782098770142,
      1.7946284770965577,
      1.7678038835525514,
      1.7202917337417603,
      1.694626808166504,
      1.6571810483932494,
      1.6265511631965637,
      1.5943159580230712,
      1.575948417186737,
      1.569313645362854,
      1.550876998901367,
      1.5036307454109192
    ],
    "val_cers": [
      5.879614987566082,
      5.786895296818813,
      5.731351826502516,
      5.693538965768489,
      5.731351826502516,
      5.7170734238108825,
      5.6310737291416135,
      5.66800315614875,
      5.698944124852366,
      5.5782676952849455,
      4.7457664486363145,
      5.622092414400758,
      5.696616570971886,
      5.535531801814751,
      5.344500773121492,
      4.936089560611271,
      1.7812381825705217,
      4.475931010314689,
      3.1368517234792184,
      1.4626961816295545,
      1.0078711242925944,
      0.9519838019616507,
      1.0494374074715331,
      1.1724088317425732,
      1.8134559672665767,
      1.2511022506253922,
      1.5111147091861807,
      1.067093502032524,
      0.9884738931139879,
      4.265616850247329,
      0.9262101891716874,
      1.2497455318898874,
      1.1524756639332778,
      0.9205506918502627,
      1.273769965854168,
      1.2364753863838747,
      1.2710842532961335,
      1.4476090901686143,
      0.8099544240906782,
      1.2096356818808651,
      1.0632561846790243,
      0.9555989076982255,
      1.0075992800228448,
      1.1568567640755687,
      0.9767538672177797,
      1.034664771378284,
      1.0224145577210835,
      1.004545084531022,
      0.9793827520478057,
      1.2030300378070546
    ],
    "val_wers": [
      7.055537985079298,
      6.944274356182576,
      6.877622191803019,
      6.832246758922187,
      6.877622191803019,
      6.860488108573059,
      6.757288474969936,
      6.801603787378499,
      6.838732949822838,
      6.693921234341935,
      5.694919738363577,
      6.746510897280909,
      6.835939885166264,
      6.642638162177701,
      6.413400927745791,
      5.9233074727335255,
      2.1374858190846258,
      5.3711172123776265,
      3.7642220681750618,
      1.7552354179554654,
      1.2094453491511132,
      1.1423805623539807,
      1.2593248889658397,
      1.4068905980910877,
      2.176147160719892,
      1.5013227007504706,
      1.8133376510234167,
      1.2805122024390287,
      1.1861686717367854,
      5.118740220296795,
      1.1114522270060248,
      1.4996946382678649,
      1.3829707967199334,
      1.1046608302203151,
      1.5285239590250015,
      1.4837704636606495,
      1.5253011039553601,
      1.7371309082023372,
      0.9719453089088138,
      1.4515628182570381,
      1.2759074216148292,
      1.1467186892378707,
      1.2091191360274138,
      1.3882281168906825,
      1.1721046406613356,
      1.2415977256539408,
      1.2268974692653,
      1.2054541014372264,
      1.1752593024573668,
      1.4436360453684656
    ],
    "best_val_cer": 0.8099544240906782,
    "final_val_cer": 1.2030300378070546,
    "final_val_wer": 1.4436360453684656,
    "val_cer": 1.2030300378070546,
    "val_wer": 1.4436360453684656,
    "training_time_seconds": 241.4202857017517,
    "num_parameters": 9171508
  }
}