{
  "experiment_id": 18,
  "timestamp": "2025-12-03T11:11:35.285105",
  "config": {
    "use_ctc": true,
    "ctc_weight": 0.3,
    "num_epochs": 100,
    "beam_size": 1,
    "learning_rate": 0.0003,
    "batch_size": 64
  },
  "results": {
    "experiment_name": "CTC with 100 epochs",
    "train_losses": [
      5.254074907302856,
      3.2825822114944456,
      3.0346080541610716,
      2.873652482032776,
      2.733811950683594,
      2.6646701812744142,
      2.586904239654541,
      2.5516263961791994,
      2.51989951133728,
      2.4921769380569456,
      2.483333611488342,
      2.435887861251831,
      2.424607181549072,
      2.396145296096802,
      2.3690371751785277,
      2.365336513519287,
      2.351430821418762,
      2.326224374771118,
      2.3004222393035887,
      2.290940833091736,
      2.277274417877197,
      2.259153389930725,
      2.25565345287323,
      2.2457313537597656,
      2.210643696784973,
      2.2003328084945677,
      2.192206883430481,
      2.2120168447494506,
      2.154254364967346,
      2.1301875948905944,
      2.1104323506355285,
      2.0986030101776123,
      2.08631888628006,
      2.0886276006698608,
      2.075842261314392,
      2.052482557296753,
      2.039319109916687,
      2.0261086225509644,
      2.0765190362930297,
      2.018546688556671,
      2.0155526399612427,
      1.979888653755188,
      1.9565055131912232,
      1.929200530052185,
      1.9221806287765504,
      1.9018247485160829,
      1.889727485179901,
      1.8827449798583984,
      1.8749974131584168,
      1.8528508186340331,
      1.841267478466034,
      1.826614463329315,
      1.8021406292915345,
      1.7765079021453858,
      1.7630852460861206,
      1.7483632922172547,
      1.7400134563446046,
      1.7403246283531189,
      1.7194040656089782,
      1.717935025691986,
      1.6929397463798523,
      1.6716943264007569,
      1.6396791577339171,
      1.6234192728996277,
      1.6128342628479004,
      1.5921843767166137,
      1.6000714421272277,
      1.601200556755066,
      1.5507615447044372,
      1.5364306092262268,
      1.4868281722068786,
      1.4819433093070984,
      1.468440628051758,
      1.4449771285057067,
      1.4241474866867065,
      1.399588119983673,
      1.3856991887092591,
      1.3496716141700744,
      1.3423685789108277,
      1.3158325791358947,
      1.3243354558944702,
      1.293940806388855,
      1.2994985342025758,
      1.2579492688179017,
      1.2366137862205506,
      1.2254575490951538,
      1.205242967605591,
      1.1945625424385071,
      1.1724369049072265,
      1.1469056129455566,
      1.1666702628135681,
      1.139932096004486,
      1.1110126495361328,
      1.0972818851470947,
      1.0846025228500367,
      1.0800892233848571,
      1.058962082862854,
      1.0300641059875488,
      1.0144673764705658,
      1.0154738068580627
    ],
    "val_cers": [
      5.930633799307651,
      5.881689712715076,
      5.740047429528195,
      5.740047429528195,
      5.722492312925134,
      5.667924572574901,
      5.666515275988791,
      5.668233426555626,
      5.685182660187854,
      5.613881784445476,
      5.648901846869462,
      5.637958127308837,
      5.693530261727106,
      5.663503372322389,
      5.700611921785661,
      5.583345239658984,
      5.6030873232556875,
      5.589091770980617,
      5.59745999023531,
      5.353156866606787,
      5.66343830209336,
      2.164214779441763,
      5.369821730987754,
      2.4204547074947387,
      4.889942395895173,
      4.452726865771359,
      3.4144505778487573,
      4.095187104494153,
      0.9457746139634222,
      4.185033462614529,
      1.292816783740283,
      1.7208772335657956,
      1.104024541157247,
      5.076160009323605,
      0.9528052127148492,
      2.200643144226854,
      2.36849226331522,
      1.0562904392384793,
      1.8251578029090976,
      1.0131409329553636,
      5.19575705592798,
      1.0649972431418624,
      1.4143030710695763,
      1.3010598617441604,
      1.8710798347376385,
      1.1571856065217379,
      0.9840870181611904,
      1.2736749265049716,
      0.9378419233784707,
      1.0173416267347095,
      0.9585486757720408,
      1.0566856020896522,
      1.0880563117949411,
      1.1800043753978584,
      0.8763849111856074,
      0.9227752277861875,
      0.8888462517217616,
      1.1565300189914425,
      0.8745127825001792,
      1.0970321762980149,
      1.0798643413303646,
      0.9316434629854877,
      0.8814368882981,
      0.8489874870937462,
      0.827117570731091,
      1.086066910317846,
      0.7997878590338352,
      0.8528777733910154,
      0.9602758054166151,
      0.9299058460782035,
      0.8353092008146908,
      0.8468922451785182,
      0.9671658790281592,
      0.8433669653271302,
      0.9438600633057641,
      1.0134755231092243,
      1.0403611958920698,
      0.9928682897849168,
      0.8989687371321304,
      0.9350669637647718,
      0.8345919497128381,
      0.7918311351153023,
      0.878428644593022,
      0.9013343599832825,
      0.8734471683171185,
      0.9145724300179003,
      0.9879349581999137,
      0.9206177691211136,
      0.90188632394103,
      0.9126921990334532,
      0.7952528932896923,
      0.881542210137855,
      0.9652861014778582,
      1.003824724104835,
      0.9085335129629185,
      0.8966601115004689,
      0.8653072725056138,
      0.9363161045278189,
      0.9112288075244384,
      0.8750785971556334
    ],