{
  "experiment_id": 23,
  "timestamp": "2025-12-03T11:51:44.399790",
  "config": {
    "use_ctc": false,
    "num_epochs": 100,
    "beam_size": 1,
    "learning_rate": 0.003,
    "batch_size": 64
  },
  "results": {
    "experiment_name": "Higher LR (3e-3)",
    "train_losses": [
      3.4057217597961427,
      2.501510500907898,
      2.2470293998718263,
      2.1118939399719237,
      2.019746458530426,
      1.909877645969391,
      1.810470700263977,
      1.7070576548576355,
      1.623911452293396,
      1.5232776284217835,
      1.4123360872268678,
      1.3297122478485108,
      1.2706295251846313,
      1.1801740050315856,
      1.086163055896759,
      1.0089015007019042,
      0.9141342341899872,
      0.8552336513996124,
      0.7497587978839875,
      0.6738661527633667,
      0.6017101526260376,
      0.537897127866745,
      0.5158752173185348,
      0.4903927147388458,
      0.4367335706949234,
      0.3901993989944458,
      0.34588477313518523,
      0.3126639574766159,
      0.3151921421289444,
      0.2824004277586937,
      0.26672151535749433,
      0.2636270269751549,
      0.2557139918208122,
      0.2419707417488098,
      0.2355693608522415,
      0.22686197161674498,
      0.22739481776952744,
      0.2287842661142349,
      0.22460272312164306,
      0.21424318999052047,
      0.21628687232732774,
      0.21509272307157518,
      0.2133048266172409,
      0.1978842332959175,
      0.2029234766960144,
      0.20957177728414536,
      0.20165963023900985,
      0.20488257855176925,
      0.19095185101032258,
      0.1997278407216072,
      0.20162326842546463,
      0.19187191724777222,
      0.18895456641912461,
      0.19256418198347092,
      0.19587862938642503,
      0.1877295657992363,
      0.19109495878219604,
      0.1841829851269722,
      0.18509004563093184,
      0.17413327544927598,
      0.17515193521976472,
      0.172254379093647,
      0.17059480100870134,
      0.17496770918369292,
      0.16382018327713013,
      0.16006771028041838,
      0.1584962233901024,
      0.15671107023954392,
      0.1521429553627968,
      0.15248692780733109,
      0.1555812269449234,
      0.16295128613710402,
      0.15991761833429335,
      0.15257457047700881,
      0.13984779119491578,
      0.1356342650949955,
      0.13841996639966964,
      0.1406039662659168,
      0.1393652379512787,
      0.13203404992818832,
      0.13065578415989876,
      0.124446439743042,
      0.12089245915412902,
      0.11902482435107231,
      0.11507368087768555,
      0.11148827597498893,
      0.1169476218521595,
      0.10723935216665267,
      0.1111361801624298,
      0.10659369826316833,
      0.10250356420874596,
      0.1139486275613308,
      0.11731351166963577,
      0.12131519094109536,
      0.12631392776966094,
      0.13619594573974608,
      0.14107140749692917,
      0.17160103470087051,
      0.20429012775421143,
      0.2333199754357338
    ],
    "val_cers": [
      3.838862036901974,
      5.6746964114958525,
      5.724155064819119,
      5.74419147300135,
      5.610337969267553,
      5.539488535091459,
      5.410917716244012,
      1.3979069002242452,
      0.8168934935125417,
      3.6755582589704674,
      1.2489130420290482,
      4.180470760481154,
      0.8842951592450339,
      1.8281082335638263,
      2.0556170955493203,
      1.2641546505406471,
      0.9647772345956591,
      1.2106306345451059,
      0.8579088982364012,
      0.809714738692802,
      1.8774564460412673,
      0.8574322900526261,
      0.8692670849740559,
      0.9181710317334815,
      1.315043425386392,
      0.9487619220777687,
      1.209579803711699,
      0.9883186999236738,
      1.0841477859384807,
      0.8121584115633426,
      1.1471204420845467,
      0.9202141767331797,
      0.9920951356216735,
      0.875323242764131,
      1.015563669326092,
      0.9351291670851535,
      1.0594218143108736,
      1.0617402555336082,
      0.9410075094789797,
      1.2833518346901744,
      0.9281701731297645,
      0.9047246482326482,
      0.8889461442080566,
      0.9615497260649128,
      0.8935125781805207,
      0.9170090606227244,
      1.000893889147627,
      0.9449181221266244,
      0.9834999282084081,
      1.0382471366111514,
      0.9939907615762672,
      1.0199568989011962,
      0.8707351571660848,
      0.9768691134786657,
      0.836249778149428,
      1.0362473933921734,
      0.9370872801104937,
      0.8945680153285936,
      0.9600816207452398,
      0.9354496647580312,
      1.0200686093721798,
      0.9136812133489826,
      0.8789383275563061,
      0.9311158701232769,
      1.1263589591335166,
      0.9591109501835922,
      0.9064662818471394,
      0.9347129498707686,
      0.992981025941192,
      0.8924351493252015,
      1.0434285253445654,
      0.8436282353684853,
      0.9135829014547153,
      0.9781123199385151,
      0.9537430460302978,
      0.8688984592537448,
      0.9229908306143878,
      0.867223590248846,
      0.921629960762911,
      0.8889977976593487,
      1.0371003525161022,
      0.9132082097909309,
      0.9694682980633909,
      0.9807105923284428,
      0.9199550887824702,
      0.9763928520267647,
      0.9128717179945455,
      1.0390982715244097,
      0.8948525841474061,
      0.9593690345217347,
      0.8799699953857101,
      0.8922218019805647,
      0.9054746324634824,
      0.912789160445663,
      0.931680466664865,
      1.0573180910238178,
      0.9490396315866533,
      0.9289763305109313,
      0.9718691237955301,
      0.8831808673518845
    ],