{
  "experiment_id": 2,
  "timestamp": "2025-12-03T09:15:03.069447",
  "config": {
    "use_ctc": true,
    "ctc_weight": 0.3,
    "num_epochs": 5,
    "beam_size": 1,
    "learning_rate": 0.001,
    "batch_size": 8
  },
  "results": {
    "experiment_name": "With CTC (ctc_weight=0.3)",
    "train_losses": [
      2.8831113723859394,
      2.440703411624856,
      2.3025332574975,
      2.189690459264468,
      2.085948300688234
    ],
    "val_cers": [
      5.708845932891862,
      5.728527659774183,
      2.133381583598925,
      1.5634048723056289,
      0.8504757618844688
    ],
    "val_wers": [
      6.850615119470234,
      6.87423319172902,
      2.5600579003187103,
      1.8760858467667545,
      1.0205709142613626
    ],
    "best_val_cer": 0.8504757618844688,
    "final_val_cer": 0.8504757618844688,
    "final_val_wer": 1.0205709142613626,
    "val_cer": 0.8504757618844688,
    "val_wer": 1.0205709142613626,
    "training_time_seconds": 90.32640790939331,
    "num_parameters": 9171508
  }
}