{
  "experiment_id": 13,
  "timestamp": "2025-12-03T10:25:31.330765",
  "config": {
    "use_ctc": true,
    "ctc_weight": 0.3,
    "num_epochs": 100,
    "beam_size": 1,
    "learning_rate": 0.0003,
    "batch_size": 64
  },
  "results": {
    "experiment_name": "CTC with 100 epochs",
    "train_losses": [
      5.254074954986573,
      3.2825825691223143,
      3.0346081256866455,
      2.873652720451355,
      2.733812093734741,
      2.6646700620651247,
      2.5869037389755247,
      2.5516260385513307,
      2.5198989152908324,
      2.49217369556427,
      2.4833253145217897,
      2.435908246040344,
      2.42461302280426,
      2.3963698625564573,
      2.3691726207733153,
      2.3653558492660522,
      2.351498246192932,
      2.3262165784835815,
      2.3004289150238035,
      2.290491533279419,
      2.2771607398986817,
      2.259356164932251,
      2.255028247833252,
      2.245414304733276,
      2.210268664360046,
      2.1999403476715087,
      2.191999340057373,
      2.2097886323928835,
      2.1522910356521607,
      2.130834531784058,
      2.109789288043976,
      2.098328137397766,
      2.085869002342224,
      2.0879990100860595,
      2.0751715660095216,
      2.0503867864608765,
      2.0366619348526003,
      2.023901844024658,
      2.0752444744110106,
      2.0156959533691405,
      2.0119261860847475,
      1.9785626888275147,
      1.956896758079529,
      1.9296138882637024,
      1.9214978098869324,
      1.9011650323867797,
      1.8888514399528504,
      1.8807254552841186,
      1.8734520077705383,
      1.8517883539199829,
      1.8383073687553406,
      1.8250417351722716,
      1.8028406262397767,
      1.7772303581237794,
      1.7609382748603821,
      1.7459412813186646,
      1.7384885430336,
      1.7420196771621703,
      1.7229779481887817,
      1.717950963973999,
      1.6931702136993407,
      1.666803765296936,
      1.6358997821807861,
      1.6221733331680297,
      1.6047067523002625,
      1.5860485553741455,
      1.598746407032013,
      1.5888896942138673,
      1.5484069108963012,
      1.5310980796813964,
      1.4915768027305603,
      1.479770803451538,
      1.4708296179771423,
      1.4450393915176392,
      1.4292299628257752,
      1.4010006666183472,
      1.3867639422416687,
      1.3515288472175597,
      1.3438010811805725,
      1.3178162932395936,
      1.3245524883270263,
      1.2974949121475219,
      1.3069432020187377,
      1.2639091730117797,
      1.2399465322494507,
      1.2221653580665588,
      1.1947132706642152,
      1.187428641319275,
      1.1682718634605407,
      1.1435842990875245,
      1.168049967288971,
      1.1416523575782775,
      1.110799241065979,
      1.0992446184158324,
      1.0821585297584533,
      1.0800436735153198,
      1.0548124670982362,
      1.0411466836929322,
      1.023051881790161,
      1.022459203004837
    ],
    "val_cers": [
      5.930633799307651,
      5.881689712715076,
      5.740047429528195,
      5.740047429528195,
      5.722492312925134,
      5.667924572574901,
      5.666515275988791,
      5.668233426555626,
      5.685182660187854,
      5.614749840001031,
      5.649596291313906,
      5.634424407405332,
      5.693530261727106,
      5.663503372322389,
      5.699706382012933,
      5.58470483127351,
      5.596753406988742,
      5.60344631740609,
      5.59745999023531,
      5.379786222411571,
      5.664210533334342,
      1.8132675017242155,
      5.350501430193104,
      2.9658247044107737,
      4.7818259236173315,
      3.375671454156965,
      3.950443728906699,
      1.0390816124774247,
      1.5594815803212498,
      3.3086581335109213,
      1.1870948883807286,
      1.1242838527036665,
      0.9360332349568882,
      4.707515510497215,
      1.0061863367594936,
      1.6222162562735374,
      2.576744940047836,
      1.1982173305006538,
      1.6654732764946059,
      1.0072951064140587,
      5.6186562017498645,
      1.0286118776575779,
      1.5275968664811828,
      1.5440932364738797,
      2.774985439797095,
      1.1331376072407566,
      0.8878628064683106,
      1.0051181112666678,
      1.002705760788443,
      1.009275968496864,
      0.9516210468999297,
      0.9953632295337469,
      1.096076877849256,
      1.2395937469074585,
      0.8585712110748338,
      0.9371329505630521,
      0.8791557744029687,
      1.1678529376485578,
      0.9365628589257982,
      1.0770756004631838,
      0.9868005897305239,
      0.9150537924390474,
      0.8837985515896524,
      0.8466499618716099,
      0.822060404115454,
      1.0487079278127636,
      0.8095829767577509,
      0.8785536872797781,
      0.9022241920442025,
      1.0081284127522303,
      0.9348658540994903,
      0.8177690216407122,
      0.9668444897164575,
      0.8294529073257148,
      0.9265091823502605,
      0.9709817857007182,
      0.9954343855503871,
      1.0920960379797988,
      0.8918595081472817,
      0.8771343503085985,
      0.8737356366169982,
      0.8154894149443623,
      0.8943980626161365,
      0.9386559705067637,
      0.8243287378997711,
      0.949758750996122,
      0.9552706971822247,
      0.9177801135834529,
      0.8851806700656233,
      0.9313644447918988,
      0.8014551642854836,
      0.8546884848576498,
      0.8848820646202854,
      1.0204067441931521,
      0.9446948913821892,
      0.8221208507949822,
      0.8571162450755798,
      0.9742705865145621,
      0.870431905297097,
      0.9167301524353164
    ],