{
  "experiment_id": 15,
  "timestamp": "2025-12-03T10:51:17.496379",
  "config": {
    "use_ctc": true,
    "ctc_weight": 0.3,
    "num_epochs": 50,
    "beam_size": 1,
    "learning_rate": 0.0005,
    "batch_size": 64
  },
  "results": {
    "experiment_name": "With CTC (ctc_weight=0.3, 50 epochs)",
    "train_losses": [
      4.6196373224258425,
      3.1096235513687134,
      2.854351758956909,
      2.6854665517807006,
      2.58988995552063,
      2.5532779455184937,
      2.4925199508666993,
      2.466847562789917,
      2.439455032348633,
      2.416197633743286,
      2.40611252784729,
      2.3624369859695435,
      2.3473438024520874,
      2.3150294065475463,
      2.275850009918213,
      2.2717211484909057,
      2.2523592948913573,
      2.226092290878296,
      2.1872310400009156,
      2.171615743637085,
      2.1553101778030395,
      2.1299110412597657,
      2.1200443506240845,
      2.1060382604598997,
      2.0636268854141235,
      2.0491666078567503,
      2.0351844787597657,
      2.0604522585868836,
      1.9889535427093505,
      1.9575543999671936,
      1.9367277503013611,
      1.9151045441627503,
      1.895504093170166,
      1.8938091278076172,
      1.8766630649566651,
      1.8476518154144288,
      1.8196221590042114,
      1.797363555431366,
      1.828641951084137,
      1.7934592008590697,
      1.7677000045776368,
      1.7197006821632386,
      1.6940453052520752,
      1.6569987177848815,
      1.6265673637390137,
      1.5937345266342162,
      1.5755306005477905,
      1.568584132194519,
      1.5507514357566834,
      1.50248863697052
    ],
    "val_cers": [
      5.879614987566082,
      5.786895296818813,
      5.731351826502516,
      5.693538965768489,
      5.731351826502516,
      5.7170734238108825,
      5.6310737291416135,
      5.66800315614875,
      5.698944124852366,
      5.57965000463161,
      4.7457664486363145,
      5.622092414400758,
      5.696616570971886,
      5.535886915451115,
      5.344500773121492,
      4.9328591514080795,
      1.7752285671859063,
      4.499172482973415,
      3.1374097591935044,
      1.478766985825359,
      1.0078711242925944,
      0.9420406201434689,
      1.0498094312810569,
      1.205029119440986,
      1.8134559672665767,
      1.2518872747799816,
      1.5060434853649571,
      1.0692381098756611,
      0.9884738931139879,
      4.178005243104471,
      0.9253421336161318,
      1.2650078863970862,
      1.1230611294768154,
      1.05999280989977,
      1.2109244985874184,
      1.1964346988359789,
      1.2871506101497086,
      1.4756699031500218,
      0.8179204999145508,
      1.2250389106067512,
      1.0390721215827416,
      0.977841020939474,
      1.0250626947399255,
      1.1301864266274477,
      0.9647964328185026,
      1.0458061148041768,
      1.0045106905920573,
      1.0238293084643473,
      0.9135838280757222,
      1.0232979179122164
    ],
    "val_wers": [
      7.055537985079298,
      6.944274356182576,
      6.877622191803019,
      6.832246758922187,
      6.877622191803019,
      6.860488108573059,
      6.757288474969936,
      6.801603787378499,
      6.838732949822838,
      6.6955800055579315,
      5.694919738363577,
      6.746510897280909,
      6.835939885166264,
      6.643064298541338,
      6.413400927745791,
      5.919430981689695,
      2.1302742806230874,
      5.399006979568098,
      3.764891711032205,
      1.7745203829904306,
      1.2094453491511132,
      1.1304487441721627,
      1.2597713175372682,
      1.446034943329183,
      2.176147160719892,
      1.502264729735978,
      1.8072521824379484,
      1.2830857318507933,
      1.1861686717367854,
      5.013606291725366,
      1.1104105603393581,
      1.5180094636765034,
      1.3476733553721785,
      1.271991371879724,
      1.453109398304902,
      1.4357216386031746,
      1.5445807321796503,
      1.7708038837800262,
      0.981504599897461,
      1.4700466927281013,
      1.24688654589929,
      1.1734092251273687,
      1.2300752336879106,
      1.3562237119529372,
      1.157755719382203,
      1.2549673377650121,
      1.2054128287104688,
      1.2285951701572166,
      1.0963005936908667,
      1.2279575014946595
    ],
    "best_val_cer": 0.8179204999145508,
    "final_val_cer": 1.0232979179122164,
    "final_val_wer": 1.2279575014946595,
    "val_cer": 1.0232979179122164,
    "val_wer": 1.2279575014946595,
    "training_time_seconds": 248.0261721611023,
    "num_parameters": 9171508,
    "checkpoint_path": "experiment_checkpoints/With_CTC_ctc_weight=0.3_50_epochs_best.pt"
  }
}