{
  "experiment_id": 11,
  "timestamp": "2025-12-03T10:09:32.375295",
  "config": {
    "use_ctc": true,
    "ctc_weight": 0.5,
    "num_epochs": 50,
    "beam_size": 1,
    "learning_rate": 0.0005,
    "batch_size": 64
  },
  "results": {
    "experiment_name": "With CTC (ctc_weight=0.5, 50 epochs)",
    "train_losses": [
      4.619637274742127,
      3.1096232414245604,
      2.8543519735336305,
      2.685466241836548,
      2.589889407157898,
      2.5532769441604612,
      2.492521643638611,
      2.4668408155441286,
      2.439451575279236,
      2.416221356391907,
      2.4061256885528564,
      2.362416386604309,
      2.347321939468384,
      2.314997696876526,
      2.2758260488510134,
      2.2716944456100463,
      2.2523141622543337,
      2.2260719299316407,
      2.18724684715271,
      2.171603727340698,
      2.1553321838378907,
      2.1298890829086305,
      2.1201234817504884,
      2.1060075998306274,
      2.063559091091156,
      2.0491098165512085,
      2.0352251052856447,
      2.0605380177497863,
      1.9889472007751465,
      1.9576284527778625,
      1.93683522939682,
      1.915201997756958,
      1.896028757095337,
      1.8936753869056702,
      1.8763926863670348,
      1.8475053191184998,
      1.8199641585350037,
      1.7979873657226562,
      1.8288418531417847,
      1.7944461345672607,
      1.7674325108528137,
      1.7199846982955933,
      1.6940834760665893,
      1.6574784159660338,
      1.6268145322799683,
      1.5946623802185058,
      1.5753374338150024,
      1.5698132038116455,
      1.5515399694442749,
      1.5019149303436279
    ],
    "val_cers": [
      5.879614987566082,
      5.786895296818813,
      5.731351826502516,
      5.693538965768489,
      5.731351826502516,
      5.7170734238108825,
      5.6310737291416135,
      5.66800315614875,
      5.698944124852366,
      5.577903476170727,
      4.75023788865463,
      5.622092414400758,
      5.698792002882456,
      5.535531801814751,
      5.34427432384613,
      4.922042620603703,
      1.7752285671859063,
      4.489986104358268,
      3.1374097591935044,
      1.4562623581001428,
      1.0071917764665075,
      0.9742375898404385,
      1.057507403422929,
      1.3030599788410884,
      1.864973428463916,
      1.250347573754644,
      1.5034393186982906,
      1.075671933405073,
      0.9884738931139879,
      4.265616850247329,
      0.9301164391716874,
      1.2641481936035373,
      1.1717245479686185,
      0.9218520670563466,
      1.3255938607647535,
      1.2356996620355918,
      1.1790727838023836,
      1.4665053293370194,
      0.8099190877802954,
      1.2148667847310537,
      1.0411172040913748,
      0.9629617607518834,
      1.018215784219498,
      1.139531296374862,
      0.971398217592532,
      1.0046370246420753,
      1.0096439048476331,
      1.0170793059171916,
      0.9547723941190311,
      1.249047108581728
    ],
    "val_wers": [
      7.055537985079298,
      6.944274356182576,
      6.877622191803019,
      6.832246758922187,
      6.877622191803019,
      6.860488108573059,
      6.757288474969936,
      6.801603787378499,
      6.838732949822838,
      6.693484171404872,
      5.700285466385556,
      6.746510897280909,
      6.838550403458947,
      6.642638162177701,
      6.413129188615356,
      5.906451144724444,
      2.1302742806230874,
      5.387983325229921,
      3.764891711032205,
      1.7475148297201712,
      1.208630131759809,
      1.1690851078085263,
      1.269008884107515,
      1.563671974609306,
      2.237968114156699,
      1.5004170885055725,
      1.8041271824379486,
      1.2908063200860875,
      1.1861686717367854,
      5.118740220296795,
      1.116139727006025,
      1.5169778323242447,
      1.406069457562342,
      1.106222480467616,
      1.5907126329177042,
      1.4828395944427102,
      1.4148873405628601,
      1.7598063952044232,
      0.9719029053363545,
      1.4578401416772644,
      1.2493406449096496,
      1.1555541129022602,
      1.2218589410633978,
      1.3674375556498344,
      1.1656778611110383,
      1.2055644295704904,
      1.2115726858171596,
      1.2204951671006299,
      1.1457268729428374,
      1.4988565302980736
    ],
    "best_val_cer": 0.8099190877802954,
    "final_val_cer": 1.249047108581728,
    "final_val_wer": 1.4988565302980736,
    "val_cer": 1.249047108581728,
    "val_wer": 1.4988565302980736,
    "training_time_seconds": 242.81808614730835,
    "num_parameters": 9171508
  }
}