{
  "experiment_id": 14,
  "timestamp": "2025-12-03T10:47:09.162561",
  "config": {
    "use_ctc": false,
    "num_epochs": 50,
    "beam_size": 1,
    "learning_rate": 0.0005,
    "batch_size": 64
  },
  "results": {
    "experiment_name": "Baseline (No CTC, 50 epochs)",
    "train_losses": [
      3.5039227962493897,
      2.8824656009674072,
      2.6213983297348022,
      2.4280363082885743,
      2.3242483615875242,
      2.243583250045776,
      2.1945897817611693,
      2.1363508224487306,
      2.1087419271469114,
      2.063734531402588,
      2.0068719387054443,
      1.9814291596412659,
      1.965009617805481,
      1.9310683727264404,
      1.8775251984596253,
      1.866797113418579,
      1.7891525149345398,
      1.7919877290725708,
      1.7420033812522888,
      1.721738612651825,
      1.6841494917869568,
      1.625599455833435,
      1.6219281077384948,
      1.5667489409446715,
      1.5277610421180725,
      1.4920937418937683,
      1.430998969078064,
      1.4041574358940125,
      1.3828640818595885,
      1.354491364955902,
      1.2861302256584168,
      1.2768243312835694,
      1.2029368162155152,
      1.1748868346214294,
      1.135782277584076,
      1.0848642826080321,
      1.0423002541065216,
      1.0138746917247772,
      0.9630601465702057,
      0.9298946797847748,
      0.8923384785652161,
      0.846865963935852,
      0.8046965956687927,
      0.7502231240272522,
      0.7175110578536987,
      0.6931802809238434,
      0.6899079382419586,
      0.6429146945476532,
      0.604871267080307,
      0.5852890908718109
    ],
    "val_cers": [
      5.793738468672127,
      5.740047429528195,
      5.682832804417343,
      5.66909399978636,
      5.6946364242014145,
      5.703310960825327,
      5.601145305977185,
      5.607961048443388,
      5.689400332148821,
      5.576363073000306,
      5.539887324428851,
      5.662396265377874,
      5.451935355181305,
      5.6910435606055065,
      5.584730002317183,
      4.33265358600999,
      5.111272706090104,
      4.48990074563783,
      3.3392224932706314,
      1.224376272569173,
      2.8365784000715832,
      0.9669532449671625,
      0.8152606286677514,
      0.9232863403911731,
      1.8568911264150185,
      2.5910383134211212,
      0.9891847037370959,
      0.8943594995791604,
      0.8466280293273799,
      1.8006947411111838,
      1.1303124309298744,
      0.8944141949526139,
      1.109463429066838,
      1.0022497521632605,
      1.06484876773634,
      0.8825502141378394,
      1.0367134628955408,
      1.1381629383440084,
      1.0221469035137272,
      0.9441147266297314,
      0.9808255893874875,
      1.0205650804861013,
      1.028007877758516,
      0.9065865805049074,
      0.8676844520273098,
      0.9047446789831951,
      0.9113055675419903,
      0.9878610090495322,
      0.9507568438171338,
      0.9059202000084347
    ],
    "val_wers": [
      6.952486162406553,
      6.888056915433833,
      6.819399365300812,
      6.802912799743631,
      6.833563709041697,
      6.843973152990392,
      6.721374367172621,
      6.729553258132066,
      6.827280398578585,
      6.691635687600367,
      6.647864789314621,
      6.794875518453448,
      6.542322426217566,
      6.829252272726608,
      6.70167600278062,
      5.199184303211989,
      6.133527247308125,
      5.387880894765396,
      4.0070669919247575,
      1.4692515270830075,
      3.4038940800859,
      1.160343893960595,
      0.9783127544013016,
      1.1079436084694076,
      2.2282693516980223,
      3.1092459761053455,
      1.187021644484515,
      1.0732313994949925,
      1.0159536351928558,
      2.1608336893334203,
      1.3563749171158492,
      1.0732970339431367,
      1.3313561148802056,
      1.2026997025959125,
      1.277818521283608,
      1.0590602569654073,
      1.244056155474649,
      1.36579552601281,
      1.2265762842164725,
      1.1329376719556776,
      1.176990707264985,
      1.2246780965833215,
      1.233609453310219,
      1.0879038966058887,
      1.0412213424327716,
      1.0856936147798342,
      1.0935666810503883,
      1.1854332108594385,
      1.1409082125805605,
      1.0871042400101216
    ],
    "best_val_cer": 0.8152606286677514,
    "final_val_cer": 0.9059202000084347,
    "final_val_wer": 1.0871042400101216,
    "val_cer": 0.9059202000084347,
    "val_wer": 1.0871042400101216,
    "training_time_seconds": 242.76313161849976,
    "num_parameters": 9138163,
    "checkpoint_path": "experiment_checkpoints/Baseline_No_CTC_50_epochs_best.pt"
  }
}