{
  "experiment_id": 24,
  "timestamp": "2025-12-03T12:07:55.106414",
  "config": {
    "use_ctc": true,
    "ctc_weight": 0.3,
    "num_epochs": 200,
    "beam_size": 1,
    "learning_rate": 0.0002,
    "batch_size": 64
  },
  "results": {
    "experiment_name": "Best Combo: CTC + Beam + 200 epochs",
    "train_losses": [
      5.7461316108703615,
      3.6218573093414306,
      3.141579103469849,
      3.005295252799988,
      2.870372271537781,
      2.782280158996582,
      2.6859956979751587,
      2.634738802909851,
      2.5960337638854982,
      2.558953881263733,
      2.551598310470581,
      2.497358250617981,
      2.487849736213684,
      2.4622298002243044,
      2.4390108585357666,
      2.427553391456604,
      2.4239551782608033,
      2.3943139791488646,
      2.373084282875061,
      2.3634235858917236,
      2.354541063308716,
      2.3364101886749267,
      2.33657283782959,
      2.331406021118164,
      2.3036511898040772,
      2.300524377822876,
      2.292383003234863,
      2.3056753396987917,
      2.2552942276000976,
      2.2336517333984376,
      2.2225218534469606,
      2.2135398626327514,
      2.205847430229187,
      2.201907753944397,
      2.195500445365906,
      2.1775434732437136,
      2.1699742794036867,
      2.15716233253479,
      2.2175450801849363,
      2.1487411975860597,
      2.1505806684494018,
      2.117485857009888,
      2.1013785123825075,
      2.08540655374527,
      2.0823246479034423,
      2.061254096031189,
      2.052375555038452,
      2.0474857926368712,
      2.046458530426025,
      2.02202422618866,
      2.0179140329360963,
      2.0178958773612976,
      2.000840628147125,
      1.9734617233276368,
      1.9618116855621337,
      1.9506327509880066,
      1.935577154159546,
      1.9380748987197876,
      1.9349157094955445,
      1.9356855869293212,
      1.9189243555068969,
      1.8961305022239685,
      1.8672037243843078,
      1.8683601379394532,
      1.8603612422943114,
      1.8474109411239623,
      1.86657657623291,
      1.8327395796775818,
      1.8098816633224488,
      1.7938433051109315,
      1.7729598879814148,
      1.7749218821525574,
      1.7733206629753113,
      1.766343629360199,
      1.748971903324127,
      1.731706702709198,
      1.72836092710495,
      1.7008658170700073,
      1.6811591267585755,
      1.672240710258484,
      1.6744156002998352,
      1.6585686802864075,
      1.6886372923851014,
      1.6400674819946288,
      1.6277035355567933,
      1.6174959778785705,
      1.5819369196891784,
      1.5913225054740905,
      1.5736562252044677,
      1.5437794089317323,
      1.5577142357826232,
      1.5387936353683471,
      1.5189594626426697,
      1.5057958364486694,
      1.4911287903785706,
      1.4931065678596496,
      1.4701529741287231,
      1.4573202252388,
      1.4412717342376709,
      1.4240624070167542,
      1.4159247398376464,
      1.4086873888969422,
      1.3870200753211974,
      1.3675652146339417,
      1.3398648142814635,
      1.3415464401245116,
      1.3271940708160401,
      1.3114945769309998,
      1.3207383036613465,
      1.2957361936569214,
      1.298866057395935,
      1.28151593208313,
      1.2620304584503175,
      1.2475174188613891,
      1.2854103207588197,
      1.2520089387893676,
      1.2300852179527282,
      1.2270401239395141,
      1.1990537643432617,
      1.1948378562927247,
      1.1724567651748656,
      1.1645841598510742,
      1.177929151058197,
      1.1412687420845031,
      1.126204752922058,
      1.1248479723930358,
      1.1142213225364686,
      1.102729117870331,
      1.1035032987594604,
      1.0930032014846802,
      1.0632436394691467,
      1.061920154094696,
      1.0495359182357789,
      1.038691794872284,
      1.0286365866661071,
      1.0152969479560852,
      1.0177739143371582,
      0.9963165819644928,
      1.0235554695129394,
      1.0131407558918,
      0.9924223721027374,
      0.9967245638370514,
      0.9671547055244446,
      0.9569400787353516,
      0.9422410368919373,
      0.9314978241920471,
      0.9329336822032929,
      0.9595236897468566,
      0.9181160986423492,
      0.9156603217124939,
      0.9084332704544067,
      0.8864410102367402,
      0.8794734001159668,
      0.8880508363246917,
      0.8726097226142884,
      0.8501397728919983,
      0.853161734342575,
      0.8321975767612457,
      0.8184008479118348,
      0.8305551409721375,
      0.8144059181213379,
      0.8186757922172546,
      0.8029459416866302,
      0.8082938015460968,
      0.7861932277679443,
      0.7829487144947052,
      0.7909763276576995,
      0.7723935186862946,
      0.7642022132873535,
      0.7604410529136658,
      0.7644150137901307,
      0.7712338745594025,
      0.7374631822109222,
      0.7177490293979645,
      0.738668292760849,
      0.7432407438755035,
      0.7331925511360169,
      0.7183549702167511,
      0.7021355628967285,
      0.7060105681419373,
      0.6960231363773346,
      0.6859606325626373,
      0.6770219385623932,
      0.6708154559135437,
      0.6716503083705903,
      0.6785748362541199,
      0.6733448565006256,
      0.6620969176292419,
      0.686035794019699,
      0.6777817726135253,
      0.6805358767509461,
      0.6718804061412811,
      0.6625706791877747,
      0.6552937448024749,
      0.6646028995513916,
      0.648094791173935,
      0.6327338993549347,
      0.6393081545829773,
      0.6320897221565247,
      0.6214339196681976
    ],