{
  "experiment_id": 6,
  "timestamp": "2025-12-03T09:24:57.192337",
  "config": {
    "use_ctc": false,
    "num_epochs": 10,
    "beam_size": 1,
    "learning_rate": 0.001,
    "batch_size": 64
  },
  "results": {
    "experiment_name": "Baseline with 10 epochs",
    "train_losses": [
      3.277696967124939,
      2.5980812549591064,
      2.3517061710357665,
      2.217881989479065,
      2.1434634923934937,
      2.076083469390869,
      2.019081437587738,
      1.9546548843383789,
      1.9034563541412353,
      1.8361717820167542
    ],
    "val_cers": [
      5.7925826511100595,
      5.701324853348029,
      5.654681997651673,
      5.687153654768396,
      5.611392628928683,
      5.64900397980974,
      5.520304988470195,
      5.537724268736648,
      5.525506943132751,
      5.417845317069874
    ],
    "val_wers": [
      6.951099181332071,
      6.8415898240176345,
      6.785618397182008,
      6.824584385722075,
      6.733671154714419,
      6.778804775771687,
      6.624365986164234,
      6.6452691224839775,
      6.6306083317593005,
      6.5014143804838485
    ],
    "best_val_cer": 5.417845317069874,
    "final_val_cer": 5.417845317069874,
    "final_val_wer": 6.5014143804838485,
    "val_cer": 5.417845317069874,
    "val_wer": 6.5014143804838485,
    "training_time_seconds": 50.50961399078369,
    "num_parameters": 9138163
  }
}