{
  "experiment_id": 4,
  "timestamp": "2025-12-03T09:23:39.949307",
  "config": {
    "use_ctc": true,
    "ctc_weight": 0.3,
    "num_epochs": 5,
    "beam_size": 1,
    "learning_rate": 0.001,
    "batch_size": 64
  },
  "results": {
    "experiment_name": "With CTC (ctc_weight=0.3)",
    "train_losses": [
      4.0170279264450075,
      2.8845327138900756,
      2.6486299991607667,
      2.5430317640304567,
      2.4773198843002318
    ],
    "val_cers": [
      5.836554047628834,
      5.701324853348029,
      5.693538965768489,
      5.7053830567716,
      5.71675273120585
    ],
    "val_wers": [
      7.003864857154601,
      6.8415898240176345,
      6.832246758922187,
      6.84645966812592,
      6.86010327744702
    ],
    "best_val_cer": 5.693538965768489,
    "final_val_cer": 5.71675273120585,
    "final_val_wer": 6.86010327744702,
    "val_cer": 5.71675273120585,
    "val_wer": 6.86010327744702,
    "training_time_seconds": 25.86224937438965,
    "num_parameters": 9171508
  }
}