{
  "experiment_id": 5,
  "timestamp": "2025-12-03T09:24:06.310717",
  "config": {
    "use_ctc": true,
    "ctc_weight": 0.5,
    "num_epochs": 5,
    "beam_size": 1,
    "learning_rate": 0.001,
    "batch_size": 64
  },
  "results": {
    "experiment_name": "With CTC (ctc_weight=0.5)",
    "train_losses": [
      4.017028021812439,
      2.884532117843628,
      2.648630404472351,
      2.543031430244446,
      2.4773194789886475
    ],
    "val_cers": [
      5.836554047628834,
      5.701324853348029,
      5.693538965768489,
      5.7053830567716,
      5.71675273120585
    ],
    "val_wers": [
      7.003864857154601,
      6.8415898240176345,
      6.832246758922187,
      6.84645966812592,
      6.86010327744702
    ],
    "best_val_cer": 5.693538965768489,
    "final_val_cer": 5.71675273120585,
    "final_val_wer": 6.86010327744702,
    "val_cer": 5.71675273120585,
    "val_wer": 6.86010327744702,
    "training_time_seconds": 25.954397916793823,
    "num_parameters": 9171508
  }
}