{
  "experiment_id": 19,
  "timestamp": "2025-12-03T11:19:38.063692",
  "config": {
    "use_ctc": false,
    "num_epochs": 100,
    "beam_size": 1,
    "learning_rate": 0.0003,
    "batch_size": 64
  },
  "results": {
    "experiment_name": "Baseline + Beam Search (beam=3, 100 epochs)",
    "train_losses": [
      3.719255232810974,
      3.0105695009231566,
      2.8507867574691774,
      2.661699986457825,
      2.5146947383880613,
      2.399457311630249,
      2.3416584730148315,
      2.2767377376556395,
      2.242516875267029,
      2.1960782527923586,
      2.14786502122879,
      2.120868945121765,
      2.101943612098694,
      2.078161859512329,
      2.0356515645980835,
      2.041614365577698,
      1.9772766351699829,
      1.9881410360336305,
      1.9548303484916687,
      1.9337220668792725,
      1.9188977241516114,
      1.8724799752235413,
      1.871354377269745,
      1.8306185841560363,
      1.7992486476898193,
      1.782137358188629,
      1.7336591005325317,
      1.7231961846351624,
      1.706843912601471,
      1.6956893444061278,
      1.6416550397872924,
      1.6453900933265686,
      1.5931023955345154,
      1.5794801473617555,
      1.5505843997001647,
      1.5112566113471986,
      1.4843950033187867,
      1.467102575302124,
      1.442341113090515,
      1.420869278907776,
      1.3861042380332946,
      1.3603004097938538,
      1.3287758588790894,
      1.306208038330078,
      1.2693904280662536,
      1.2262911677360535,
      1.2206819891929626,
      1.1880976200103759,
      1.17325679063797,
      1.15094895362854,
      1.10559321641922,
      1.0598306119441987,
      1.0714555382728577,
      1.0262871444225312,
      1.0046564996242524,
      0.9963469505310059,
      0.98614981174469,
      0.9126428723335266,
      0.8904151499271393,
      0.8573602795600891,
      0.8381511032581329,
      0.796300059556961,
      0.7880953669548034,
      0.7745231211185455,
      0.752492892742157,
      0.7225707769393921,
      0.7131305038928986,
      0.6817677319049835,
      0.6648771047592164,
      0.6458923637866973,
      0.6236128747463227,
      0.6209553182125092,
      0.6179558753967285,
      0.6051799416542053,
      0.5619272291660309,
      0.5477660536766052,
      0.5234513849020004,
      0.5166767060756683,
      0.5037570506334305,
      0.46702849864959717,
      0.45545683801174164,
      0.43981741070747377,
      0.4282631307840347,
      0.407354524731636,
      0.3985534906387329,
      0.37818760275840757,
      0.3684977352619171,
      0.3634189933538437,
      0.360223788022995,
      0.35365869104862213,
      0.3471122860908508,
      0.34904106259346007,
      0.34230388402938844,
      0.3349607825279236,
      0.30815293490886686,
      0.2961315482854843,
      0.2850325733423233,
      0.2801747411489487,
      0.26695541441440584,
      0.2598226487636566
    ],
    "val_cers": [
      5.875480527183539,
      5.8767190288650815,
      5.740047429528195,
      5.740047429528195,
      5.674329464690861,
      5.675376237678225,
      5.676858878294034,
      5.7152137096046935,
      5.688901788246534,
      5.734234686811521,
      5.695862348465927,
      5.646131099699592,
      5.709721010415511,
      5.664436169744197,
      5.646296816442079,
      5.577360243586535,
      5.645742773710917,
      5.643238467484571,
      5.535701794480181,
      4.3428159450554755,
      5.503761140037942,
      5.562217029013178,
      2.719108122945786,
      5.570812982546704,
      4.50804048240635,
      5.443678075543844,
      3.3469786268057224,
      1.8626951144437764,
      1.4519541319072387,
      4.163192494293911,
      1.8927446170447038,
      1.0215666513752257,
      4.562682795305138,
      1.1517123098235378,
      1.2095975311053504,
      2.5399429773686,
      1.4357116407069874,
      1.4953556282892664,
      1.80884614673368,
      1.3637933577722978,
      0.9860002155774991,
      1.3379753881528593,
      1.0384505661736712,
      0.9242259529455201,
      1.1492789628946267,
      0.8798889270546126,
      1.1721197210912413,
      0.9247529425785087,
      1.120010126231662,
      0.8926834728998339,
      0.9343102299350441,
      1.006098431389443,
      0.9537559097319627,
      0.8311070955283669,
      0.9058277387611894,
      0.9648867093871103,
      1.141188147045651,
      0.9067704597124691,
      0.8848551465364838,
      1.1074562430599606,
      0.8635495060654231,
      0.9314112998706318,
      0.8711914533977861,
      0.8802549204547728,
      0.9338430021342362,
      0.8821237588543888,
      1.0143006081649553,
      0.9182772475756165,
      0.9880413166352742,
      0.8769844612499339,
      0.985004338368238,
      0.8874254267868888,
      0.8528962486924854,
      0.87150452839122,
      0.8635552733908758,
      0.9306243153784297,
      0.8664355620739493,
      0.9197917933609883,
      0.8725251229062763,
      0.8812682614294194,
      0.9208338655629623,
      0.9118650007504544,
      0.9265800951733592,
      0.9043493799775049,
      0.8106486069425425,
      0.876818043390822,
      0.879381752050708,
      0.9067152223743641,
      0.8078895065119802,
      0.8272195606344889,
      0.8629078176568334,
      0.8306258348495362,
      0.850053821408149,
      0.9351926068420863,
      0.8652955921712646,
      0.9088767649344011,
      0.8351841218208673,
      0.9123129708034807,
      0.8738838745913916,
      0.8593883763503238
    ],