{
  "experiment_id": 16,
  "timestamp": "2025-12-03T10:55:26.156333",
  "config": {
    "use_ctc": true,
    "ctc_weight": 0.5,
    "num_epochs": 50,
    "beam_size": 1,
    "learning_rate": 0.0005,
    "batch_size": 64
  },
  "results": {
    "experiment_name": "With CTC (ctc_weight=0.5, 50 epochs)",
    "train_losses": [
      4.619636917114258,
      3.109623098373413,
      2.8543516874313353,
      2.6854674100875853,
      2.589890384674072,
      2.5532798528671266,
      2.492520236968994,
      2.4668479204177856,
      2.439456415176392,
      2.416195034980774,
      2.4061316013336183,
      2.3624255657196045,
      2.347346067428589,
      2.315007042884827,
      2.275832200050354,
      2.271742558479309,
      2.25235915184021,
      2.2260869264602663,
      2.187228536605835,
      2.1716052293777466,
      2.1553081274032593,
      2.1298882007598876,
      2.1200374603271483,
      2.1060105323791505,
      2.06362007856369,
      2.0491503715515136,
      2.0351675748825073,
      2.060483527183533,
      1.9889859676361084,
      1.9575957298278808,
      1.936707317829132,
      1.9151233673095702,
      1.8955223202705382,
      1.8941631197929383,
      1.8767749667167664,
      1.8474525332450866,
      1.8199392557144165,
      1.7972795605659484,
      1.8290428280830384,
      1.7930238962173461,
      1.767208981513977,
      1.7196396946907044,
      1.6939730882644652,
      1.6575564861297607,
      1.626215147972107,
      1.5949249148368836,
      1.5750149250030518,
      1.5693190693855286,
      1.5509119987487794,
      1.5023242235183716
    ],
    "val_cers": [
      5.879614987566082,
      5.786895296818813,
      5.731351826502516,
      5.693538965768489,
      5.731351826502516,
      5.7170734238108825,
      5.632416930896,
      5.66800315614875,
      5.698944124852366,
      5.577903476170727,
      4.744140256503337,
      5.622613247734091,
      5.698792002882456,
      5.535886915451115,
      5.336020659485128,
      4.935200515340545,
      1.7752285671859063,
      4.496859882310839,
      3.143105933609286,
      1.48172306690644,
      1.0082934215898918,
      0.9742375898404385,
      1.0482273300265765,
      1.1709883771971186,
      1.8134559672665767,
      1.2516608255046193,
      1.505354147129663,
      1.0713827177187984,
      0.9884738931139879,
      4.178005243104471,
      0.9257761613939096,
      1.2202518978660295,
      1.1362721199021535,
      0.9327146622803194,
      1.3314200129614469,
      1.230319454859359,
      1.2726675229349245,
      1.4094289856972042,
      0.8161961078416956,
      1.2050666206207366,
      1.0687386369301648,
      0.9958411584352285,
      0.9749030254204992,
      1.1496840592462438,
      0.9806853247282395,
      0.9911164132525285,
      1.0234963970377047,
      1.0074583090918707,
      0.9246862321921001,
      1.019642882112543
    ],
    "val_wers": [
      7.055537985079298,
      6.944274356182576,
      6.877622191803019,
      6.832246758922187,
      6.877622191803019,
      6.860488108573059,
      6.7589003170752004,
      6.801603787378499,
      6.838732949822838,
      6.693484171404872,
      5.692968307804004,
      6.747135897280909,
      6.838550403458947,
      6.643064298541338,
      6.403224791382153,
      5.9222406184086545,
      2.1302742806230874,
      5.396231858773007,
      3.771727120331143,
      1.778067680287728,
      1.2099521059078702,
      1.1690851078085263,
      1.2578727960318918,
      1.4051860526365423,
      2.176147160719892,
      1.5019929906055431,
      1.8064249765555955,
      1.2856592612625581,
      1.1861686717367854,
      5.013606291725366,
      1.1109313936726914,
      1.4643022774392354,
      1.363526543882584,
      1.1192575947363832,
      1.597704015553736,
      1.4763833458312308,
      1.5272010275219092,
      1.691314782836645,
      0.9794353294100346,
      1.4460799447448838,
      1.2824863643161977,
      1.195009390122274,
      1.169883630504599,
      1.3796208710954925,
      1.1768223896738874,
      1.1893396959030342,
      1.2281956764452455,
      1.208949970910245,
      1.1096234786305201,
      1.2235714585350514
    ],
    "best_val_cer": 0.8161961078416956,
    "final_val_cer": 1.019642882112543,
    "final_val_wer": 1.2235714585350514,
    "val_cer": 1.019642882112543,
    "val_wer": 1.2235714585350514,
    "training_time_seconds": 248.33491706848145,
    "num_parameters": 9171508,
    "checkpoint_path": "experiment_checkpoints/With_CTC_ctc_weight=0.5_50_epochs_best.pt"
  }
}