{
  "experiment_id": 21,
  "timestamp": "2025-12-03T11:35:54.347271",
  "config": {
    "use_ctc": true,
    "ctc_weight": 0.3,
    "num_epochs": 100,
    "beam_size": 1,
    "learning_rate": 0.0003,
    "batch_size": 64
  },
  "results": {
    "experiment_name": "CTC + Beam Search (beam=5, 100 epochs)",
    "train_losses": [
      5.254074549674987,
      3.282581996917725,
      3.0346080541610716,
      2.873652791976929,
      2.733812355995178,
      2.6646703481674194,
      2.5869049787521363,
      2.5516254901885986,
      2.519899082183838,
      2.4921846628189086,
      2.483336663246155,
      2.4358614683151245,
      2.424594449996948,
      2.3960747957229613,
      2.369117021560669,
      2.3654147148132325,
      2.3514577865600588,
      2.3262426376342775,
      2.3003443002700807,
      2.2911532640457155,
      2.2775819301605225,
      2.258996510505676,
      2.2546732902526854,
      2.2450612783432007,
      2.2107460737228393,
      2.199633312225342,
      2.191867780685425,
      2.20944607257843,
      2.15192289352417,
      2.129664587974548,
      2.1090903759002684,
      2.0989826202392576,
      2.0864837408065795,
      2.088746738433838,
      2.075161361694336,
      2.0534857511520386,
      2.0358922243118287,
      2.020325756072998,
      2.070211112499237,
      2.016899037361145,
      2.0105329632759092,
      1.978893768787384,
      1.956039261817932,
      1.9276017546653748,
      1.9201014518737793,
      1.901375150680542,
      1.8943910002708435,
      1.881020450592041,
      1.872539186477661,
      1.8481162428855895,
      1.8362938046455384,
      1.8232478141784667,
      1.8062692403793335,
      1.7763323426246642,
      1.7570523858070373,
      1.743805718421936,
      1.7329756498336792,
      1.7319223523139953,
      1.7173458456993103,
      1.7127503275871276,
      1.6890424489974976,
      1.6713394522666931,
      1.6387210965156556,
      1.6239458203315735,
      1.6114514827728272,
      1.5923362612724303,
      1.5964805006980896,
      1.5802781105041503,
      1.5402379393577577,
      1.5256299376487732,
      1.4894351363182068,
      1.4850412726402282,
      1.4646724343299866,
      1.4422624111175537,
      1.4198339343070985,
      1.3974260687828064,
      1.379768145084381,
      1.3434926390647888,
      1.334991455078125,
      1.3068003535270691,
      1.3099778652191163,
      1.2909083604812621,
      1.2972806096076965,
      1.2575206756591797,
      1.2345255851745605,
      1.2217439651489257,
      1.19485741853714,
      1.1900078177452087,
      1.166255736351013,
      1.142584490776062,
      1.1740554451942444,
      1.1438412189483642,
      1.1098296523094178,
      1.0944639325141907,
      1.0803328275680542,
      1.0935971856117248,
      1.0654809951782227,
      1.046791958808899,
      1.024729347229004,
      1.008875811100006
    ],
    "val_cers": [
      5.930633799307651,
      5.881689712715076,
      5.740047429528195,
      5.740047429528195,
      5.722492312925134,
      5.667924572574901,
      5.666515275988791,
      5.668233426555626,
      5.685182660187854,
      5.613881784445476,
      5.648901846869462,
      5.644813392359524,
      5.694240488999832,
      5.664532420637621,
      5.701207646186532,
      5.58284120740092,
      5.593486254018184,
      5.579032142050783,
      5.59745999023531,
      5.087336508993482,
      5.665476851315629,
      2.100143954529016,
      5.191444571961295,
      2.0675555877076963,
      4.873808759071613,
      3.4739092517075325,
      3.825622167794268,
      0.9619670559883986,
      1.5331880555986805,
      3.7615039084831197,
      1.125469693195212,
      0.9364186084102898,
      0.8848950155220661,
      5.233409064557061,
      1.6295965298170263,
      1.4314417617184843,
      1.3941347202840173,
      1.6879606857456961,
      1.1524736378178246,
      1.016529601780272,
      2.1628634529912425,
      1.0436066099247319,
      1.2119749502196777,
      1.3971222427361183,
      2.06807817651162,
      1.1482626165617738,
      0.9541884268471852,
      0.9023067618583208,
      0.929794316071638,
      1.053373096519331,
      0.9790816679361263,
      0.9608314882971234,
      0.9655834322533591,
      1.1525212026599894,
      0.9113453444709949,
      0.9107556950670838,
      0.8779459001113233,
      1.0207506174944827,
      0.9437200861859586,
      1.1389751029849653,
      1.1466863629286561,
      0.91919505104389,
      0.9129224646640108,
      0.8925665723708063,
      0.8259118439392505,
      1.121457815873054,
      0.8059038143959395,
      0.884692872623909,
      0.9474843506139857,
      0.9975146173272443,
      0.9841053303095657,
      0.826651935978836,
      1.0221377726483867,
      0.9083839499257926,
      0.9165970121767848,
      0.9372941153428208,
      0.9215420762824583,
      1.1400410436433022,
      0.9512556789045068,
      0.9628923495016521,
      0.8370841132746267,
      0.8184531170635477,
      0.8338484490653969,
      0.8755276463441859,
      0.8434774002254493,
      0.9484815447402156,
      0.9444696696156364,
      0.8263849502037497,
      0.8684363927381973,
      0.8980311160045388,
      0.8110236621453474,
      0.9330765988950552,
      0.8925555476402968,
      0.9392552862914904,
      0.9291483447769162,
      0.9254086909929068,
      0.8311853462032529,
      0.9124574790756235,
      0.8881131659519891,
      0.8396206543617787
    ],