{
  "experiment_id": 22,
  "timestamp": "2025-12-03T11:43:51.399513",
  "config": {
    "use_ctc": false,
    "num_epochs": 100,
    "beam_size": 1,
    "learning_rate": 0.0005,
    "batch_size": 64
  },
  "results": {
    "experiment_name": "Lower LR (5e-4)",
    "train_losses": [
      3.5039227962493897,
      2.8824656009674072,
      2.6213983297348022,
      2.4280363082885743,
      2.3242483615875242,
      2.243583250045776,
      2.1945897817611693,
      2.1363508224487306,
      2.1087419271469114,
      2.063734531402588,
      2.0068719387054443,
      1.9814291596412659,
      1.965009617805481,
      1.9310683727264404,
      1.8775251984596253,
      1.866797113418579,
      1.7891525149345398,
      1.7919877290725708,
      1.7420033812522888,
      1.721738612651825,
      1.6841494917869568,
      1.625599455833435,
      1.6219281077384948,
      1.5667489409446715,
      1.5277610421180725,
      1.4920937418937683,
      1.430998969078064,
      1.4041574358940125,
      1.3828640818595885,
      1.354491364955902,
      1.2861302256584168,
      1.2768243312835694,
      1.2029368162155152,
      1.1748868346214294,
      1.135782277584076,
      1.0848642826080321,
      1.0423002541065216,
      1.0138746917247772,
      0.9630601465702057,
      0.9298946797847748,
      0.8923384785652161,
      0.846865963935852,
      0.8046965956687927,
      0.7502231240272522,
      0.7175110578536987,
      0.6931802809238434,
      0.6899079382419586,
      0.6429146945476532,
      0.604871267080307,
      0.5852890908718109,
      0.5535412847995758,
      0.5180426150560379,
      0.5039605498313904,
      0.4657192349433899,
      0.4371967166662216,
      0.4096730321645737,
      0.40417617857456206,
      0.38507360219955444,
      0.36642631590366365,
      0.3390872359275818,
      0.31528606712818147,
      0.2926049143075943,
      0.28457115590572357,
      0.2750761181116104,
      0.26569496691226957,
      0.24805420488119126,
      0.23859106600284577,
      0.23011906147003175,
      0.22556938081979752,
      0.21316181123256683,
      0.20370251089334487,
      0.2064458653330803,
      0.19512910544872283,
      0.19401670545339583,
      0.17139709889888763,
      0.16059738546609878,
      0.1580103799700737,
      0.15531872510910033,
      0.15194709300994874,
      0.1402492567896843,
      0.13665183782577514,
      0.1301097922027111,
      0.12864191308617592,
      0.11980687230825424,
      0.11476324126124382,
      0.11303394511342049,
      0.10616194680333138,
      0.10925583392381669,
      0.10790931209921836,
      0.09859029725193977,
      0.09344312325119972,
      0.10351217240095138,
      0.108114954829216,
      0.09618528783321381,
      0.09029462933540344,
      0.0873887475579977,
      0.08282677754759789,
      0.08233666941523551,
      0.0883184477686882,
      0.08546074703335763
    ],
    "val_cers": [
      5.793738468672127,
      5.740047429528195,
      5.682832804417343,
      5.66909399978636,
      5.6946364242014145,
      5.703310960825327,
      5.601145305977185,
      5.607961048443388,
      5.689400332148821,
      5.576363073000306,
      5.539887324428851,
      5.662396265377874,
      5.451935355181305,
      5.6910435606055065,
      5.584730002317183,
      4.33265358600999,
      5.111272706090104,
      4.48990074563783,
      3.3392224932706314,
      1.224376272569173,
      2.8365784000715832,
      0.9669532449671625,
      0.8152606286677514,
      0.9232863403911731,
      1.8568911264150185,
      2.5910383134211212,
      0.9891847037370959,
      0.8943594995791604,
      0.8466280293273799,
      1.8006947411111838,
      1.1303124309298744,
      0.8944141949526139,
      1.109463429066838,
      1.0022497521632605,
      1.06484876773634,
      0.8825502141378394,
      1.0367134628955408,
      1.1381629383440084,
      1.0221469035137272,
      0.9441147266297314,
      0.9808255893874875,
      1.0205650804861013,
      1.028007877758516,
      0.9065865805049074,
      0.8676844520273098,
      0.9047446789831951,
      0.9113055675419903,
      0.9878610090495322,
      0.9507568438171338,
      0.9059202000084347,
      0.9311259861575872,
      0.944568613094938,
      0.9464190377514681,
      0.8763217827366614,
      0.8576352399657491,
      0.9028914936912609,
      0.8925290381455323,
      0.9093244669125793,
      0.8596763805028084,
      0.9367110486370172,
      0.9122632223770252,
      0.8809299119520355,
      0.9303192813839097,
      0.8658457180052577,
      0.8578297625635228,
      0.9140839113404573,
      0.9433082111830671,
      0.8662442303624317,
      0.9223943426685275,
      0.8868446177218172,
      0.8304523013383065,
      0.8157345366496821,
      0.8657803436755273,
      0.8999502832188896,
      0.9017574381444837,
      0.9550971011199277,
      0.9209304211052494,
      0.8876029050667902,
      0.8870336467519331,
      0.872333322334673,
      0.9315230640872968,
      0.8905960781795902,
      0.8838464959927342,
      0.8864398087723229,
      0.945198959518033,
      0.891442502418253,
      0.8735891082367545,
      0.9117345138013571,
      0.8677841938303036,
      0.8604915090172588,
      0.8723576762533255,
      0.8504438270767105,
      0.821642188362444,
      0.9334504567895864,
      0.9183277290676756,
      0.8792597323305635,
      0.8682803809067918,
      0.874741384090495,
      0.9026954169886737,
      0.8613656393804313
    ],